time,fish_state,fish_x,fish_y,fish_suck_strength,fish_to_bait_dist,bait_x,bait_y,bait_vx,bait_vy,bait_speed,float_y,float_vy,rod_tip_y,line_length,line_tension,bait_mass_ratio
0.000,IDLE,0.100000,-0.300000,0.000000,0.111803,0.000000,-0.350000,0.000000,0.000000,0.000000,0.100000,0.000000,0.700000,0.600000,0.000000,1.000000
0.017,APPROACH,0.099954,-0.300008,0.000000,0.111753,0.000000,-0.349986,0.000000,0.000040,0.000040,0.100014,0.001604,0.700000,0.599986,0.000000,0.999944
0.033,APPROACH,0.098613,-0.300679,0.000000,0.110243,-0.000009,-0.349946,-0.000002,0.000045,0.000045,0.100054,0.003081,0.700000,0.599946,0.000000,0.999889
0.050,APPROACH,0.097271,-0.301349,0.000000,0.108732,-0.000028,-0.349884,-0.000003,0.000050,0.000050,0.100116,0.004312,0.700000,0.599884,0.000000,0.999833
0.067,APPROACH,0.095929,-0.302019,0.000000,0.107213,-0.000048,-0.349802,-0.000003,0.000053,0.000053,0.100197,0.005199,0.700000,0.599803,0.000000,0.999778
0.083,APPROACH,0.094586,-0.302687,0.000000,0.105693,-0.000071,-0.349710,-0.000004,0.000056,0.000056,0.100290,0.005674,0.700000,0.599710,0.000000,0.999722
0.100,APPROACH,0.093243,-0.303355,0.000000,0.104186,-0.000111,-0.349613,-0.000007,0.000057,0.000057,0.100387,0.005703,0.700000,0.599613,0.000000,0.999667
0.117,APPROACH,0.091898,-0.304021,0.000000,0.102694,-0.000166,-0.349519,-0.000009,0.000057,0.000057,0.100481,0.005285,0.700000,0.599519,0.000000,0.999611
0.133,APPROACH,0.090554,-0.304685,0.000000,0.101216,-0.000232,-0.349436,-0.000011,0.000054,0.000055,0.100563,0.004457,0.700000,0.599437,0.000000,0.999556
0.150,APPROACH,0.089208,-0.305349,0.000000,0.099756,-0.000309,-0.349371,-0.000013,0.000051,0.000052,0.100629,0.003284,0.700000,0.599371,0.000000,0.999500
0.167,APPROACH,0.087862,-0.306011,0.000000,0.098322,-0.000404,-0.349327,-0.000016,0.000047,0.000049,0.100673,0.001859,0.700000,0.599327,0.000000,0.999444
0.183,APPROACH,0.086516,-0.306671,0.000000,0.096910,-0.000511,-0.349308,-0.000018,0.000042,0.000046,0.100691,0.000293,0.700000,0.599309,0.000000,0.999389
0.200,APPROACH,0.085169,-0.307331,0.000000,0.095523,-0.000632,-0.349317,-0.000021,0.000037,0.000042,0.100683,-0.001291,0.700000,0.599317,0.000000,0.999333
0.217,APPROACH,0.083821,-0.307991,0.000000,0.094157,-0.000765,-0.349351,-0.000023,0.000031,0.000039,0.100648,-0.002765,0.700000,0.599352,0.000000,0.999278
0.233,APPROACH,0.082474,-0.308650,0.000000,0.092806,-0.000903,-0.349408,-0.000024,0.000027,0.000036,0.100591,-0.004011,0.700000,0.599409,0.000000,0.999222
0.250,APPROACH,0.081126,-0.309308,0.000000,0.091476,-0.001055,-0.349484,-0.000026,0.000023,0.000035,0.100515,-0.004929,0.700000,0.599485,0.000000,0.999167
0.267,APPROACH,0.079779,-0.309967,0.000000,0.090160,-0.001217,-0.349572,-0.000028,0.000021,0.000035,0.100426,-0.005448,0.700000,0.599574,0.000000,0.999111
0.283,APPROACH,0.078431,-0.310626,0.000000,0.088840,-0.001372,-0.349665,-0.000026,0.000019,0.000033,0.100333,-0.005531,0.700000,0.599667,0.000000,0.999056
0.300,APPROACH,0.077084,-0.311285,0.000000,0.087522,-0.001530,-0.349756,-0.000027,0.000020,0.000033,0.100242,-0.005172,0.700000,0.599758,0.000000,0.999000
0.317,APPROACH,0.075736,-0.311944,0.000000,0.086167,-0.001652,-0.349837,-0.000021,0.000021,0.000030,0.100160,-0.004404,0.700000,0.599840,0.000000,0.998944
0.333,APPROACH,0.074389,-0.312604,0.000000,0.084815,-0.001784,-0.349902,-0.000023,0.000024,0.000033,0.100095,-0.003287,0.700000,0.599905,0.000000,0.998889
0.500,APPROACH,0.060890,-0.319145,0.000000,0.070750,-0.003047,-0.349435,-0.000023,0.000053,0.000057,0.100557,0.004537,0.700000,0.599443,0.000000,0.998333
0.667,APPROACH,0.047304,-0.325501,0.000000,0.057544,-0.004906,-0.349697,-0.000051,0.000019,0.000054,0.100286,-0.005094,0.700000,0.599715,0.000000,0.997778
0.833,APPROACH,0.033645,-0.331699,0.000000,0.045048,-0.007699,-0.349587,-0.000040,0.000054,0.000067,0.100378,0.005293,0.700000,0.599626,0.000000,0.997222
1.000,APPROACH,0.019798,-0.337467,0.000000,0.031914,-0.009776,-0.349462,-0.000039,0.000017,0.000043,0.100499,-0.004722,0.700000,0.599514,0.000000,0.996667
1.167,ATTACK,0.005864,-0.343315,3.000000,0.001075,0.005124,-0.342536,0.000003,0.000514,0.000514,0.107407,0.001533,0.700000,0.592721,0.000000,0.996111
1.333,COOLDOWN,-0.008305,-0.349643,0.000000,0.017760,0.003965,-0.336803,0.000001,-0.000226,0.000226,0.107789,-0.274946,0.700000,0.593546,0.000000,0.995536
1.500,COOLDOWN,-0.000582,-0.346511,0.000000,0.031801,0.006468,-0.315501,0.000000,-0.000234,0.000234,0.122488,-0.341963,0.699964,0.578545,0.000000,0.994981
1.667,COOLDOWN,0.007140,-0.343379,0.000000,0.022979,0.006966,-0.320400,0.000000,-0.000234,0.000234,0.128045,-0.177199,0.700173,0.572996,0.000000,0.994425
1.833,COOLDOWN,0.014862,-0.340246,0.000000,0.026035,0.007843,-0.315176,0.000035,0.000540,0.000541,0.134370,0.068917,0.700020,0.566346,0.000000,0.993869
2.000,COOLDOWN,0.022584,-0.337114,0.000000,0.017458,0.007894,-0.327682,0.000000,-0.000234,0.000234,0.120516,0.352549,0.699503,0.579536,0.000000,0.993314
2.167,COOLDOWN,0.030307,-0.333982,0.000000,0.022247,0.008283,-0.330843,0.000000,-0.000234,0.000234,0.098422,0.299296,0.700013,0.602027,0.202686,0.992758
2.333,IDLE,0.038029,-0.330850,0.000000,0.029648,0.008841,-0.325646,0.000000,-0.000234,0.000234,0.108174,-0.288675,0.699945,0.592128,0.000000,0.992203
2.500,APPROACH,0.025673,-0.328056,0.000000,0.018118,0.007743,-0.325452,-0.000034,-0.000187,0.000191,0.117786,-0.268297,0.699978,0.582488,0.000000,0.991647
2.667,APPROACH,0.011790,-0.326873,0.000000,0.006610,0.006875,-0.322454,-0.000007,-0.000189,0.000189,0.126650,-0.158224,0.700159,0.573755,0.000000,0.991091
2.833,APPROACH,0.005553,-0.323595,0.000000,0.001919,0.007436,-0.323222,0.000042,0.000543,0.000545,0.126710,0.087216,0.700014,0.573505,0.000000,0.990536
3.000,APPROACH,0.008571,-0.338288,0.000000,0.007333,0.009429,-0.331006,0.000045,0.000009,0.000046,0.118972,0.341505,0.699540,0.580733,0.000000,0.989980
3.167,APPROACH,0.010248,-0.326331,0.000000,0.004332,0.011073,-0.330584,0.000011,-0.000191,0.000191,0.098509,0.221325,0.700012,0.601640,0.164039,0.989425
3.333,ATTACK,0.011723,-0.320395,0.000000,0.009380,0.012349,-0.329754,0.000002,-0.000231,0.000231,0.107260,-0.262383,0.699956,0.592814,0.000000,0.988869
3.500,ATTACK,0.012551,-0.335471,2.539445,0.018430,0.013550,-0.317068,0.000056,0.016347,0.016347,0.132930,-0.701993,0.699989,0.567190,0.000000,0.988302
3.667,COOLDOWN,0.013703,-0.349081,0.000000,0.016158,0.029629,-0.346355,0.000000,-0.000233,0.000233,0.100931,-0.096211,0.699998,0.599288,0.000000,0.987729
3.833,COOLDOWN,0.013697,-0.349002,0.000000,0.020737,0.026851,-0.332971,-0.000000,-0.000232,0.000232,0.109764,-0.215406,0.699966,0.590431,0.000000,0.987173
4.000,COOLDOWN,0.013691,-0.348923,0.000000,0.027497,0.024797,-0.323768,-0.000000,-0.000232,0.000232,0.122156,-0.221474,0.700061,0.578064,0.000000,0.986618
4.167,COOLDOWN,0.013685,-0.348844,0.000000,0.027017,0.023715,-0.323757,-0.000029,0.000146,0.000149,0.124896,-0.023442,0.700139,0.575349,0.000000,0.986062
4.333,COOLDOWN,0.013680,-0.348765,0.000000,0.023113,0.023018,-0.327623,-0.000084,0.000958,0.000962,0.121259,0.200861,0.699785,0.578591,0.000000,0.985506
4.500,COOLDOWN,0.013674,-0.348685,0.000000,0.016002,0.022610,-0.335411,-0.000000,-0.000232,0.000232,0.109055,0.441185,0.699669,0.590650,0.000000,0.984951
4.667,APPROACH,0.013588,-0.348540,0.000000,0.017127,0.021626,-0.333417,-0.000000,-0.000232,0.000232,0.102498,-0.227455,0.699988,0.597508,0.000000,0.984395
4.833,APPROACH,0.019300,-0.334778,0.000000,0.004679,0.022476,-0.331343,0.000039,-0.000247,0.000250,0.111256,-0.244842,0.699953,0.588706,0.000000,0.983840
5.000,APPROACH,0.023919,-0.320507,0.000000,0.008346,0.024212,-0.328848,0.000065,-0.000244,0.000253,0.119199,-0.180306,0.700051,0.580855,0.000000,0.983284
5.167,APPROACH,0.026060,-0.332458,0.000000,0.006296,0.028047,-0.326484,0.000073,0.000187,0.000201,0.122604,-0.010670,0.700122,0.577518,0.000000,0.982728
5.333,APPROACH,0.028977,-0.344404,0.000000,0.015539,0.033929,-0.329675,0.000007,0.000907,0.000908,0.119114,0.191511,0.699809,0.580696,0.000000,0.982173
5.500,APPROACH,0.034603,-0.330528,0.000000,0.006812,0.038299,-0.336250,0.000083,-0.000211,0.000227,0.108050,0.406200,0.699701,0.591657,0.000000,0.981617
5.667,APPROACH,0.040033,-0.322607,0.000000,0.012581,0.042100,-0.335017,0.000083,-0.000277,0.000289,0.102435,-0.217137,0.699989,0.597570,0.000000,0.981062
5.833,APPROACH,0.042908,-0.337328,0.000000,0.006260,0.046302,-0.332068,0.000116,-0.000256,0.000281,0.110811,-0.232409,0.699957,0.589175,0.000000,0.980506
6.000,APPROACH,0.046351,-0.337456,0.000000,0.009602,0.049595,-0.328419,0.000065,-0.000230,0.000239,0.118504,-0.169958,0.700047,0.581589,0.000000,0.979950
6.167,APPROACH,0.050326,-0.322992,0.000000,0.003168,0.051802,-0.325795,0.000025,0.000180,0.000182,0.122149,-0.008228,0.700118,0.578037,0.000000,0.979395
6.333,APPROACH,0.052682,-0.329088,0.000000,0.000504,0.052632,-0.328586,-0.000092,0.000910,0.000915,0.119437,0.192485,0.699807,0.580465,0.000000,0.978839
6.500,APPROACH,0.054208,-0.344010,0.000000,0.007169,0.053385,-0.336888,0.000027,-0.000242,0.000244,0.108767,0.427542,0.699683,0.591042,0.000000,0.978283
6.667,ATTACK,0.055798,-0.359050,3.000000,0.073020,0.053472,-0.286068,-0.000098,0.001491,0.001494,0.163194,0.274615,0.699265,0.536785,0.000000,0.977704
6.833,COOLDOWN,0.057912,-0.373881,0.000000,0.078175,0.053267,-0.295844,-0.000000,-0.000230,0.000230,0.103368,-0.311788,0.700062,0.597869,0.000000,0.977148
7.000,COOLDOWN,0.057919,-0.373940,0.000000,0.064600,0.053267,-0.309507,-0.000000,-0.000230,0.000230,0.117501,-0.358161,0.699889,0.583410,0.000000,0.976593
7.167,COOLDOWN,0.057925,-0.373999,0.000000,0.051042,0.053267,-0.323171,-0.000000,-0.000230,0.000230,0.117283,-0.161694,0.700048,0.583703,0.000000,0.976037
7.333,COOLDOWN,0.057932,-0.374059,0.000000,0.060153,0.052220,-0.314178,-0.000011,-0.000000,0.000011,0.135336,-0.092806,0.700219,0.565750,0.000000,0.975482
7.500,COOLDOWN,0.057939,-0.374118,0.000000,0.049250,0.052091,-0.325217,-0.000026,0.000294,0.000295,0.124242,0.207446,0.699751,0.576292,0.000000,0.974926
7.667,COOLDOWN,0.057946,-0.374177,0.000000,0.041402,0.051814,-0.333231,-0.000000,-0.000229,0.000229,0.114690,0.590276,0.699513,0.585546,0.000000,0.974370
7.833,IDLE,0.057953,-0.374237,0.000000,0.049215,0.050745,-0.325552,-0.000000,-0.000229,0.000229,0.103444,-0.265806,0.699983,0.597201,0.000000,0.973815
8.000,ATTACK,0.056267,-0.361781,1.233337,0.016625,0.056092,-0.345157,-0.000347,0.007279,0.007288,0.103990,-0.576280,0.699941,0.596627,0.000000,0.973259
8.167,ATTACK,0.055253,-0.354771,1.303795,0.080519,0.066853,-0.275092,-0.000000,-0.000229,0.000229,0.144247,-0.481240,0.699777,0.555544,0.000000,0.972676
8.333,COOLDOWN,0.055790,-0.358482,0.000000,0.070600,0.066853,-0.288755,-0.000000,-0.000229,0.000229,0.130537,0.086992,0.700024,0.569498,0.000000,0.972120
8.500,COOLDOWN,0.056983,-0.366730,0.000000,0.065065,0.066853,-0.302418,-0.000000,-0.000229,0.000229,0.107157,0.178800,0.699778,0.592621,0.000000,0.971565
8.667,COOLDOWN,0.058176,-0.374977,0.000000,0.059532,0.066853,-0.316081,-0.000000,-0.000229,0.000229,0.099790,-0.071672,0.700005,0.600235,0.023528,0.971009
8.833,COOLDOWN,0.059370,-0.383224,0.000000,0.054001,0.066853,-0.329744,-0.000000,-0.000228,0.000228,0.104020,-0.053543,0.699989,0.596018,0.000000,0.970454
9.000,COOLDOWN,0.060563,-0.391472,0.000000,0.056478,0.065843,-0.335241,-0.000030,0.000020,0.000037,0.111458,-0.027978,0.700044,0.588697,0.000000,0.969898
9.167,COOLDOWN,0.061757,-0.399719,0.000000,0.060795,0.064716,-0.338996,-0.000060,0.000304,0.000309,0.108193,0.061423,0.700004,0.591988,0.000000,0.969343
9.333,APPROACH,0.062920,-0.398669,0.000000,0.051754,0.064318,-0.346934,-0.000029,0.000107,0.000111,0.100734,0.021182,0.699946,0.599499,0.000000,0.968787
9.500,APPROACH,0.063135,-0.383671,0.000000,0.036514,0.063004,-0.347157,-0.000031,-0.000003,0.000031,0.101313,-0.016901,0.700001,0.599250,0.000000,0.968231
9.667,APPROACH,0.062795,-0.368676,0.000000,0.026719,0.061756,-0.341977,0.000000,0.000000,0.000000,0.107162,-0.048435,0.700009,0.593818,0.000000,0.967676
9.833,APPROACH,0.062304,-0.353685,0.000000,0.031146,0.060958,-0.322568,-0.000005,0.000118,0.000119,0.126769,-0.040203,0.700132,0.574527,0.000000,0.967120
10.000,APPROACH,0.061447,-0.338710,0.000000,0.023656,0.060161,-0.315089,-0.000058,0.001208,0.001209,0.134209,0.230956,0.699637,0.566511,0.000000,0.966564
10.167,APPROACH,0.061036,-0.323719,0.000000,0.001649,0.062034,-0.325031,0.000049,-0.000244,0.000249,0.111292,0.485499,0.699623,0.589301,0.000000,0.966009
10.333,APPROACH,0.061789,-0.320667,0.000000,0.010113,0.062930,-0.330715,0.000016,-0.000228,0.000228,0.102859,-0.240288,0.699986,0.598037,0.000000,0.965453
10.500,APPROACH,0.062511,-0.320621,0.000000,0.001855,0.063207,-0.322340,0.000029,-0.000265,0.000267,0.114659,-0.310740,0.699927,0.586110,0.000000,0.964897
10.667,APPROACH,0.063857,-0.326526,0.000000,0.002615,0.064075,-0.323920,0.000000,-0.000261,0.000261,0.122687,-0.225858,0.700065,0.578175,0.000000,0.964342
10.833,APPROACH,0.064483,-0.332500,0.000000,0.014246,0.062021,-0.318469,-0.000038,0.000085,0.000093,0.130353,-0.055586,0.700176,0.570586,0.000000,0.963786
11.000,APPROACH,0.061508,-0.317799,0.000000,0.005709,0.061808,-0.323500,-0.000087,0.001037,0.001041,0.125292,0.212586,0.699744,0.575176,0.000000,0.963231
11.167,ATTACK,0.061634,-0.320769,0.406006,0.002761,0.061691,-0.323530,-0.000009,0.000052,0.000053,0.107473,0.361596,0.699752,0.592975,0.000000,0.962675
11.333,ATTACK,0.064214,-0.335449,1.540251,0.067459,0.131495,-0.330543,0.000009,-0.000222,0.000222,0.103182,-0.347070,0.699991,0.598267,0.000000,0.962098
11.500,COOLDOWN,0.065551,-0.340834,0.000000,0.071737,0.122799,-0.297604,-0.000000,-0.000226,0.000226,0.121329,-0.397068,0.699848,0.580067,0.000000,0.961542
11.667,COOLDOWN,0.064270,-0.332600,0.000000,0.067774,0.119583,-0.293437,-0.000000,-0.000226,0.000226,0.145004,-0.335795,0.700392,0.556837,0.000000,0.960987
11.833,COOLDOWN,0.062989,-0.324365,0.000000,0.063102,0.116800,-0.291406,-0.000272,0.001315,0.001343,0.151762,0.235730,0.699314,0.548913,0.000000,0.960431
12.000,COOLDOWN,0.061708,-0.316131,0.000000,0.056373,0.116219,-0.301762,-0.000000,-0.000226,0.000226,0.097429,0.580350,0.700055,0.603920,0.392041,0.959875
12.167,COOLDOWN,0.060428,-0.307897,0.000000,0.053829,0.114016,-0.302814,-0.000000,-0.000226,0.000226,0.112837,-0.356390,0.699891,0.588245,0.000000,0.959320
12.333,COOLDOWN,0.059147,-0.299662,0.000000,0.056059,0.113489,-0.313432,-0.000000,-0.000226,0.000226,0.125907,-0.267071,0.700071,0.575368,0.000000,0.958764
12.500,APPROACH,0.062619,-0.295525,0.000000,0.051300,0.111178,-0.312067,-0.000036,0.000050,0.000062,0.131828,-0.065797,0.700187,0.569583,0.000000,0.958208
12.667,APPROACH,0.076254,-0.301713,0.000000,0.036354,0.110373,-0.314264,-0.000188,0.001107,0.001123,0.129816,0.222619,0.699695,0.571118,0.000000,0.957653
12.833,APPROACH,0.089953,-0.307649,0.000000,0.026282,0.111548,-0.322628,0.000054,-0.000209,0.000216,0.114850,0.580796,0.699523,0.585926,0.000000,0.957097
13.000,APPROACH,0.103701,-0.313112,0.000000,0.010546,0.111917,-0.319724,0.000039,-0.000202,0.000205,0.103694,-0.263389,0.699983,0.597551,0.000000,0.956542
13.167,ATTACK,0.112465,-0.326267,3.000000,0.117890,-0.005212,-0.319185,-0.011287,0.008557,0.014164,0.127795,-0.283326,0.699930,0.574048,0.000000,0.955972
13.333,COOLDOWN,0.114737,-0.347756,0.000000,0.122019,-0.004186,-0.320441,0.000031,0.000099,0.000104,0.127473,-0.041716,0.700162,0.574022,0.000000,0.955411
13.500,COOLDOWN,0.108245,-0.342531,0.000000,0.113772,-0.002824,-0.317878,0.000112,0.001134,0.001139,0.130592,0.225274,0.699686,0.570124,0.000000,0.954855
13.667,COOLDOWN,0.101754,-0.337305,0.000000,0.104733,-0.002404,-0.326346,0.000000,-0.000225,0.000225,0.110126,0.453113,0.699654,0.590314,0.000000,0.954300
13.833,COOLDOWN,0.095262,-0.332080,0.000000,0.097112,-0.001850,-0.332120,0.000000,-0.000225,0.000225,0.102966,-0.230915,0.699987,0.597635,0.000000,0.953744
14.000,COOLDOWN,0.088770,-0.326855,0.000000,0.089602,-0.000816,-0.328541,0.000000,-0.000224,0.000224,0.112528,-0.263318,0.699947,0.587911,0.000000,0.953188
14.167,COOLDOWN,0.082279,-0.321630,0.000000,0.082717,-0.000134,-0.328721,0.000000,-0.000224,0.000224,0.119506,-0.177933,0.700051,0.580942,0.000000,0.952633
14.333,IDLE,0.075787,-0.316404,0.000000,0.076340,0.000452,-0.328748,0.000018,0.000201,0.000202,0.120859,0.000031,0.700109,0.579569,0.000000,0.952077
14.500,APPROACH,0.062190,-0.319236,0.000000,0.062422,0.001734,-0.334780,0.000058,0.000775,0.000777,0.114953,0.166374,0.699853,0.585153,0.000000,0.951522
14.667,APPROACH,0.047771,-0.323278,0.000000,0.048079,0.003629,-0.342334,0.000037,-0.000236,0.000239,0.104294,0.241819,0.699822,0.595730,0.000000,0.950966
14.833,ATTACK,0.035226,-0.329766,3.000000,0.102084,-0.066488,-0.338444,-0.008973,0.001543,0.009104,0.105046,-0.169617,0.699994,0.595028,0.000000,0.950409
15.000,ATTACK,0.030046,-0.343730,0.934210,0.095202,-0.065118,-0.341047,0.000029,-0.000004,0.000029,0.105102,-0.029970,0.699996,0.594928,0.000000,0.949852
15.167,COOLDOWN,0.035625,-0.347841,0.000000,0.099346,-0.062510,-0.332375,0.000076,0.000443,0.000449,0.114753,0.085274,0.700007,0.585372,0.000000,0.949296
15.333,COOLDOWN,0.043595,-0.345407,0.000000,0.105772,-0.062145,-0.342785,0.000000,-0.000223,0.000223,0.103615,0.099329,0.699873,0.596434,0.000000,0.948740
15.500,COOLDOWN,0.051565,-0.342973,0.000000,0.112737,-0.061115,-0.346546,0.000000,-0.000223,0.000223,0.100959,-0.084750,0.700003,0.599303,0.000000,0.948185
15.667,COOLDOWN,0.059535,-0.340540,0.000000,0.118501,-0.058891,-0.336318,0.000000,-0.000223,0.000223,0.109076,-0.176524,0.699975,0.591207,0.000000,0.947629
15.833,COOLDOWN,0.067505,-0.338106,0.000000,0.125222,-0.057701,-0.336033,0.000018,-0.000002,0.000019,0.112407,-0.086662,0.700027,0.587970,0.000000,0.947074
16.000,COOLDOWN,0.075475,-0.335672,0.000000,0.132476,-0.056930,-0.340018,0.000033,0.000192,0.000195,0.108595,0.026263,0.700044,0.591845,0.000000,0.946518
16.167,APPROACH,0.069682,-0.335505,0.000000,0.124785,-0.054908,-0.328528,0.000141,0.001683,0.001689,0.120353,0.351277,0.699563,0.579674,0.000000,0.945962
16.333,APPROACH,0.054743,-0.334207,0.000000,0.108641,-0.053839,-0.330621,0.000002,-0.000238,0.000238,0.099266,0.112881,0.700011,0.601210,0.120979,0.945407
16.500,APPROACH,0.039751,-0.333780,0.000000,0.092145,-0.052387,-0.334864,0.000011,-0.000229,0.000230,0.106720,-0.217462,0.699968,0.593710,0.000000,0.944851
16.667,APPROACH,0.024762,-0.333766,0.000000,0.075532,-0.050768,-0.333323,0.000008,-0.000247,0.000247,0.113887,-0.184912,0.699987,0.586565,0.000000,0.944295
16.833,APPROACH,0.009785,-0.334042,0.000000,0.060055,-0.050176,-0.330674,-0.000004,0.000000,0.000004,0.118527,-0.073307,0.700092,0.582035,0.000000,0.943740
17.000,APPROACH,-0.005175,-0.334597,0.000000,0.045205,-0.050253,-0.331214,0.000036,0.000504,0.000505,0.117989,0.089812,0.700008,0.582493,0.000000,0.943184
17.167,APPROACH,-0.020088,-0.335062,0.000000,0.030346,-0.050338,-0.337481,0.000045,0.000867,0.000868,0.111733,0.245118,0.699725,0.588472,0.000000,0.942629
17.333,APPROACH,-0.034967,-0.335049,0.000000,0.017135,-0.051209,-0.340509,-0.000017,-0.000251,0.000252,0.099516,0.102493,0.700007,0.600980,0.097973,0.942073
17.500,APPROACH,-0.049068,-0.332670,0.000000,0.005025,-0.050849,-0.337368,-0.000010,-0.000237,0.000237,0.106246,-0.197685,0.699974,0.594217,0.000000,0.941517
17.667,APPROACH,-0.051065,-0.341254,0.000000,0.006174,-0.050225,-0.335138,0.000001,-0.000249,0.000249,0.112846,-0.165631,0.699988,0.587636,0.000000,0.940962
17.833,ATTACK,-0.047960,-0.355374,1.233337,0.016864,-0.046721,-0.338556,0.000443,0.007879,0.007892,0.110879,-0.459970,0.700080,0.589697,0.000000,0.940406
18.000,ATTACK,-0.044855,-0.364771,1.303795,0.086728,-0.046938,-0.278068,0.000000,-0.000221,0.000221,0.153830,-0.461363,0.699894,0.546198,0.000000,0.939833
18.167,COOLDOWN,-0.043299,-0.367410,0.000000,0.075767,-0.046938,-0.291730,0.000000,-0.000221,0.000221,0.125986,0.222820,0.699700,0.573829,0.000000,0.939277
18.333,COOLDOWN,-0.043293,-0.367457,0.000000,0.062172,-0.046938,-0.305392,0.000000,-0.000221,0.000221,0.101410,0.103386,0.699884,0.598605,0.000000,0.938722
18.500,COOLDOWN,-0.043286,-0.367504,0.000000,0.048587,-0.046938,-0.319054,0.000000,-0.000221,0.000221,0.102817,-0.079732,0.699995,0.597352,0.000000,0.938166
18.667,COOLDOWN,-0.043280,-0.367551,0.000000,0.035027,-0.046938,-0.332715,0.000000,-0.000221,0.000221,0.108682,-0.044056,0.700010,0.591552,0.000000,0.937611
18.833,COOLDOWN,-0.043273,-0.367597,0.000000,0.042450,-0.045602,-0.325211,0.000048,0.000559,0.000561,0.123921,0.094248,0.700013,0.576363,0.000000,0.937055
19.000,COOLDOWN,-0.043267,-0.367644,0.000000,0.031079,-0.045464,-0.336643,0.000000,-0.000220,0.000220,0.108339,0.194568,0.699772,0.591713,0.000000,0.936500
19.167,APPROACH,-0.043652,-0.361542,0.000000,0.017933,-0.046046,-0.343769,-0.000056,-0.000247,0.000254,0.100131,-0.097533,0.700006,0.600180,0.018008,0.935944
19.333,APPROACH,-0.045307,-0.346641,0.000000,0.011751,-0.047367,-0.335072,-0.000037,-0.000225,0.000228,0.110232,-0.200223,0.699968,0.590058,0.000000,0.935388
19.500,APPROACH,-0.047937,-0.331873,0.000000,0.005857,-0.048998,-0.337633,-0.000019,0.000001,0.000019,0.111433,-0.070983,0.700026,0.588933,0.000000,0.934833
19.667,APPROACH,-0.049199,-0.334881,0.000000,0.018539,-0.048351,-0.316362,0.000042,0.000588,0.000590,0.132768,0.082624,0.700022,0.567620,0.000000,0.934277
19.833,APPROACH,-0.048345,-0.319906,0.000000,0.007699,-0.048918,-0.327583,-0.000024,-0.000189,0.000191,0.104564,0.120212,0.699825,0.595616,0.000000,0.933721
20.000,ATTACK,-0.049382,-0.331903,1.233337,0.001645,-0.049357,-0.333547,-0.000009,-0.000011,0.000014,0.103210,-0.049951,0.700004,0.597186,0.000000,0.933166
20.167,ATTACK,-0.050690,-0.346631,1.303795,0.008119,-0.050332,-0.338519,0.000220,0.004915,0.004920,0.111039,-0.007593,0.700000,0.589745,0.000000,0.932610
20.333,COOLDOWN,-0.051134,-0.354176,0.000000,0.022937,-0.049917,-0.331271,0.000000,-0.000219,0.000219,0.117181,0.645222,0.699415,0.583305,0.000000,0.932042
20.500,COOLDOWN,-0.051127,-0.354098,0.000000,0.031756,-0.049178,-0.322402,0.000000,-0.000219,0.000219,0.104573,-0.277747,0.699980,0.596350,0.000000,0.931486
20.667,COOLDOWN,-0.051120,-0.354020,0.000000,0.018388,-0.049165,-0.335736,0.000000,-0.000219,0.000219,0.110026,-0.197020,0.699964,0.590810,0.000000,0.930930
20.833,COOLDOWN,-0.051113,-0.353941,0.000000,0.024927,-0.048386,-0.329164,0.000000,-0.000219,0.000219,0.119346,-0.172822,0.700046,0.581520,0.000000,0.930375
21.000,COOLDOWN,-0.051107,-0.353863,0.000000,0.028254,-0.047708,-0.325814,0.000016,0.000187,0.000188,0.123829,-0.012800,0.700124,0.577064,0.000000,0.929819
21.167,COOLDOWN,-0.051100,-0.353784,0.000000,0.023548,-0.047341,-0.330538,0.000046,0.000899,0.000901,0.119083,0.187837,0.699817,0.581451,0.000000,0.929264
21.333,APPROACH,-0.050074,-0.347906,0.000000,0.010802,-0.047234,-0.337484,-0.000003,-0.000206,0.000206,0.107563,0.362164,0.699738,0.592848,0.000000,0.928708
21.500,APPROACH,-0.047433,-0.333152,0.000000,0.003196,-0.047614,-0.336343,-0.000016,-0.000211,0.000211,0.103098,-0.203474,0.699991,0.597535,0.000000,0.928152
21.667,APPROACH,-0.046168,-0.324238,0.000000,0.011324,-0.048090,-0.335398,-0.000007,-0.000197,0.000197,0.110107,-0.194505,0.699966,0.590479,0.000000,0.927597
21.833,APPROACH,-0.048083,-0.339112,0.000000,0.003817,-0.048596,-0.335330,-0.000019,0.000001,0.000019,0.114136,-0.103483,0.700031,0.586503,0.000000,0.927041
22.000,ATTACK,-0.049774,-0.353850,0.200000,0.014793,-0.049012,-0.339077,0.000066,0.001027,0.001029,0.110371,-0.067836,0.700055,0.590289,0.000000,0.926486
22.167,ATTACK,-0.051465,-0.364587,1.819592,0.083594,0.026991,-0.335731,0.000000,-0.000218,0.000218,0.107030,-0.170701,0.700257,0.593623,0.000000,0.925895
22.333,COOLDOWN,-0.052648,-0.368815,0.000000,0.089919,0.024481,-0.322592,-0.000000,-0.000218,0.000218,0.123383,-0.218840,0.700050,0.576867,0.000000,0.925340
22.500,COOLDOWN,-0.052645,-0.368870,0.000000,0.083740,0.024481,-0.336253,-0.000000,-0.000218,0.000218,0.103514,0.039413,0.700032,0.596655,0.000000,0.924784
22.667,COOLDOWN,-0.052643,-0.368925,0.000000,0.079731,0.024357,-0.348233,-0.000016,-0.000001,0.000016,0.100584,-0.041142,0.700001,0.599474,0.000000,0.924229
22.833,COOLDOWN,-0.052640,-0.368981,0.000000,0.079464,0.023221,-0.345324,-0.000016,0.000024,0.000029,0.103730,-0.012588,0.699996,0.596295,0.000000,0.923673
23.000,COOLDOWN,-0.052637,-0.369036,0.000000,0.078556,0.022469,-0.346013,-0.000033,0.000389,0.000391,0.103304,0.091758,0.699943,0.596643,0.000000,0.923117
23.167,COOLDOWN,-0.052635,-0.369091,0.000000,0.077460,0.021834,-0.347772,-0.000000,-0.000217,0.000217,0.101659,-0.078500,0.700002,0.598342,0.000000,0.922562
23.333,APPROACH,-0.049722,-0.367769,0.000000,0.077786,0.020472,-0.334251,-0.000007,-0.000218,0.000218,0.113742,-0.169564,0.699989,0.586248,0.000000,0.922006
23.500,APPROACH,-0.036681,-0.360631,0.000000,0.074759,0.018927,-0.310666,-0.000017,-0.000001,0.000017,0.139008,-0.104339,0.700258,0.561253,0.000000,0.921450
23.667,APPROACH,-0.024886,-0.351390,0.000000,0.058905,0.018623,-0.311681,-0.000080,0.002152,0.002154,0.138023,0.479680,0.698953,0.560935,0.000000,0.920895
23.833,APPROACH,-0.014374,-0.340704,0.000000,0.043070,0.018029,-0.312331,-0.000014,-0.000195,0.000195,0.101300,-0.271505,0.700027,0.598734,0.000000,0.920339
24.000,APPROACH,-0.003502,-0.330414,0.000000,0.027223,0.016808,-0.312286,-0.000007,-0.000193,0.000193,0.118789,-0.359525,0.699888,0.581107,0.000000,0.919783
24.167,APPROACH,0.007139,-0.320294,0.000000,0.015692,0.015248,-0.306860,-0.000021,-0.000210,0.000211,0.140148,-0.281338,0.700317,0.560178,0.000000,0.919228
24.333,ATTACK,0.015974,-0.308018,3.000000,0.018004,0.019293,-0.290322,-0.002074,-0.011141,0.011332,0.124316,-0.791474,0.699529,0.575214,0.000000,0.918672
24.500,ATTACK,0.025475,-0.295777,0.934210,0.063913,-0.037482,-0.284763,0.000000,-0.000216,0.000216,0.154692,-0.413067,0.700299,0.545641,0.000000,0.918108
24.667,COOLDOWN,0.028424,-0.292064,0.000000,0.066212,-0.037482,-0.298424,0.000000,-0.000216,0.000216,0.112847,0.268389,0.699663,0.586856,0.000000,0.917552
24.833,COOLDOWN,0.028381,-0.292113,0.000000,0.068825,-0.037482,-0.312085,0.000000,-0.000216,0.000216,0.100086,-0.180176,0.700012,0.599985,0.000000,0.916997
25.000,COOLDOWN,0.028338,-0.292161,0.000000,0.068617,-0.036728,-0.313948,0.000000,-0.000216,0.000216,0.118204,-0.350461,0.699898,0.581758,0.000000,0.916441
25.167,COOLDOWN,0.028296,-0.292210,0.000000,0.065033,-0.035384,-0.305407,0.000000,-0.000215,0.000215,0.140862,-0.288378,0.700327,0.559531,0.000000,0.915885
25.333,COOLDOWN,0.028253,-0.292259,0.000000,0.065022,-0.034759,-0.308300,0.000090,0.001332,0.001335,0.140949,0.246834,0.699503,0.558623,0.000000,0.915330
25.500,COOLDOWN,0.028211,-0.292307,0.000000,0.067573,-0.034501,-0.317474,0.000000,-0.000215,0.000215,0.096623,0.541151,0.700040,0.603490,0.349015,0.914774
25.667,APPROACH,0.019321,-0.294416,0.000000,0.056765,-0.034640,-0.312039,-0.000036,-0.000213,0.000216,0.112658,-0.343721,0.699903,0.587317,0.000000,0.914219
25.833,APPROACH,0.004999,-0.298684,0.000000,0.042767,-0.036584,-0.308681,-0.000068,-0.000218,0.000228,0.133314,-0.343644,0.700130,0.566888,0.000000,0.913663
26.000,ATTACK,-0.009024,-0.303874,0.200000,0.010899,-0.019896,-0.304629,0.001556,0.000461,0.001623,0.145178,0.066387,0.700025,0.554888,0.000000,0.913107
26.167,ATTACK,-0.022833,-0.309945,1.819592,0.001064,-0.023191,-0.310948,0.000029,-0.000134,0.000137,0.098606,0.230147,0.700028,0.601510,0.150990,0.912552
26.333,COOLDOWN,-0.030601,-0.312983,0.000000,0.007593,-0.030860,-0.320572,-0.000000,-0.000215,0.000215,0.110926,-0.268473,0.699957,0.589082,0.000000,0.911996
26.500,COOLDOWN,-0.023034,-0.309491,0.000000,0.010820,-0.029555,-0.318126,0.000000,-0.000215,0.000215,0.126799,-0.259805,0.700082,0.573310,0.000000,0.911440
26.667,COOLDOWN,-0.015468,-0.305999,0.000000,0.012533,-0.027442,-0.302301,0.000052,0.000537,0.000539,0.146610,0.038603,0.700033,0.553436,0.000000,0.910885
26.833,COOLDOWN,-0.007901,-0.302508,0.000000,0.023587,-0.027427,-0.315740,0.000000,-0.000214,0.000214,0.121180,0.753667,0.699270,0.578094,0.000000,0.910329
27.000,COOLDOWN,-0.000334,-0.299016,0.000000,0.031209,-0.026557,-0.315938,0.000000,-0.000214,0.000214,0.106060,-0.299245,0.699973,0.593914,0.000000,0.909773
27.167,COOLDOWN,0.007232,-0.295524,0.000000,0.035600,-0.025388,-0.309783,0.000000,-0.000214,0.000214,0.126528,-0.370075,0.699957,0.573429,0.000000,0.909218
27.333,APPROACH,0.010366,-0.294027,0.000000,0.037962,-0.025335,-0.306933,-0.000057,0.000003,0.000057,0.142386,-0.128757,0.700302,0.557917,0.000000,0.908662
27.500,APPROACH,-0.002888,-0.300931,0.000000,0.029029,-0.028582,-0.314441,0.000016,0.000987,0.000987,0.134741,0.464671,0.699068,0.564329,0.000000,0.908107
27.667,APPROACH,-0.016760,-0.306205,0.000000,0.017676,-0.030713,-0.317057,-0.000045,-0.000241,0.000245,0.101122,-0.263056,0.700024,0.598906,0.000000,0.907551
27.833,APPROACH,-0.029462,-0.313993,0.000000,0.002148,-0.031397,-0.313061,-0.000027,-0.000252,0.000253,0.119055,-0.359910,0.699887,0.580840,0.000000,0.906995
28.000,APPROACH,-0.036392,-0.315007,0.000000,0.008669,-0.031321,-0.307976,-0.000024,-0.000246,0.000247,0.138932,-0.265166,0.700297,0.561376,0.000000,0.906440
28.167,APPROACH,-0.031899,-0.313312,0.000000,0.004982,-0.031137,-0.308389,0.000095,0.001346,0.001349,0.140807,0.247795,0.699508,0.558717,0.000000,0.905884
28.333,ATTACK,-0.032317,-0.328306,0.000000,0.009262,-0.030753,-0.319177,-0.000001,-0.000216,0.000216,0.096772,0.513690,0.700040,0.603289,0.328923,0.905328
28.500,ATTACK,-0.032177,-0.343416,2.539445,0.118870,-0.148042,-0.316853,-0.000014,-0.000204,0.000205,0.101683,-0.244814,0.699909,0.598297,0.000000,0.904738
28.667,COOLDOWN,-0.031922,-0.356897,0.000000,0.120531,-0.135761,-0.295700,0.000000,-0.000213,0.000213,0.117085,-0.320349,0.699919,0.582859,0.000000,0.904182
28.833,COOLDOWN,-0.031935,-0.356972,0.000000,0.118370,-0.129903,-0.290536,0.000000,-0.000212,0.000212,0.137851,-0.248033,0.700277,0.562426,0.000000,0.903626
29.000,COOLDOWN,-0.031947,-0.357047,0.000000,0.113901,-0.127125,-0.294478,0.000401,0.001197,0.001263,0.138356,0.248337,0.699550,0.561209,0.000000,0.903070
29.167,COOLDOWN,-0.031960,-0.357122,0.000000,0.108051,-0.125875,-0.303690,0.000000,-0.000212,0.000212,0.096971,0.495202,0.700036,0.603134,0.313359,0.902515
29.333,COOLDOWN,-0.031973,-0.357197,0.000000,0.105802,-0.121573,-0.300931,0.000000,-0.000212,0.000212,0.112371,-0.331891,0.699913,0.587658,0.000000,0.901959
29.500,COOLDOWN,-0.031985,-0.357272,0.000000,0.103988,-0.117615,-0.298272,0.000000,-0.000212,0.000212,0.132769,-0.331427,0.700122,0.567524,0.000000,0.901403
29.667,APPROACH,-0.032238,-0.357424,0.000000,0.102433,-0.113931,-0.295627,0.000166,0.000533,0.000558,0.143584,0.054489,0.700024,0.556670,0.000000,0.900848
29.833,APPROACH,-0.044650,-0.349020,0.000000,0.079754,-0.114013,-0.309657,-0.000003,-0.000225,0.000225,0.122948,0.780767,0.699215,0.576567,0.000000,0.900292
30.000,APPROACH,-0.056819,-0.340279,0.000000,0.063725,-0.110308,-0.305641,-0.000000,-0.000216,0.000216,0.106638,-0.304473,0.699971,0.593682,0.000000,0.899737
30.167,APPROACH,-0.068889,-0.331455,0.000000,0.047680,-0.106554,-0.302220,0.000000,-0.000220,0.000220,0.126717,-0.369211,0.699958,0.573625,0.000000,0.899181
30.333,APPROACH,-0.080995,-0.322759,0.000000,0.032981,-0.103341,-0.298502,0.000036,-0.000007,0.000036,0.144013,-0.141089,0.700318,0.556726,0.000000,0.898625
30.500,ATTACK,-0.091588,-0.311760,1.233337,0.001070,-0.091254,-0.312777,-0.000018,-0.000156,0.000157,0.101562,0.034099,0.699916,0.598632,0.000000,0.898070
30.667,ATTACK,-0.102358,-0.301114,0.669390,0.086538,-0.159338,-0.235983,-0.000000,-0.000211,0.000211,0.117726,-0.315058,0.699969,0.584745,0.000000,0.897509
30.833,COOLDOWN,-0.098115,-0.305352,0.000000,0.082775,-0.159338,-0.249644,-0.000000,-0.000211,0.000211,0.118151,-0.158200,0.700045,0.585229,0.000000,0.896954
31.000,COOLDOWN,-0.092240,-0.311262,0.000000,0.082475,-0.159338,-0.263304,-0.000000,-0.000211,0.000211,0.125474,-0.038369,0.700125,0.578375,0.000000,0.896398
31.167,COOLDOWN,-0.086364,-0.317172,0.000000,0.083317,-0.159338,-0.276964,-0.000000,-0.000211,0.000211,0.107646,0.018169,0.700007,0.596310,0.000000,0.895843
31.333,COOLDOWN,-0.080489,-0.323082,0.000000,0.085268,-0.159338,-0.290624,-0.000000,-0.000211,0.000211,0.124363,0.063253,0.700021,0.580127,0.000000,0.895287
31.500,COOLDOWN,-0.074614,-0.328991,0.000000,0.088253,-0.159338,-0.304284,-0.000000,-0.000211,0.000211,0.128371,0.194553,0.699754,0.575785,0.000000,0.894731
31.667,COOLDOWN,-0.068738,-0.334901,0.000000,0.092173,-0.159338,-0.317944,-0.000000,-0.000211,0.000211,0.110146,0.317618,0.699719,0.593602,0.000000,0.894176
31.833,APPROACH,-0.079610,-0.334380,0.000000,0.079758,-0.159177,-0.328870,-0.000017,-0.000239,0.000240,0.102441,0.196556,0.699997,0.601442,0.144170,0.893620
32.000,APPROACH,-0.094286,-0.331446,0.000000,0.061837,-0.155368,-0.321820,-0.000004,-0.000233,0.000233,0.107821,-0.252697,0.699962,0.595729,0.000000,0.893065
32.167,APPROACH,-0.108279,-0.326605,0.000000,0.044882,-0.149314,-0.308425,0.000014,-0.000235,0.000235,0.122994,-0.329979,0.699964,0.580092,0.000000,0.892509
32.333,APPROACH,-0.121597,-0.320165,0.000000,0.028737,-0.144258,-0.302493,0.000022,-0.000244,0.000245,0.136618,-0.250092,0.700245,0.566306,0.000000,0.891953
32.500,APPROACH,-0.135263,-0.315102,0.000000,0.007096,-0.141206,-0.311225,0.000185,0.000550,0.000580,0.129883,0.080086,0.700012,0.572513,0.000000,0.891398
32.667,APPROACH,-0.145046,-0.317289,0.000000,0.009900,-0.135713,-0.313985,0.000495,0.001981,0.002042,0.127828,0.400802,0.699366,0.573739,0.000000,0.890842
32.833,ATTACK,-0.134253,-0.308918,1.233337,0.119433,-0.055955,-0.218731,0.000010,-0.000198,0.000198,0.137650,0.457261,0.699207,0.564286,0.000000,0.890282
33.000,ATTACK,-0.123338,-0.298457,0.669390,0.094367,-0.055955,-0.232391,0.000000,-0.000209,0.000209,0.101282,-0.014496,0.700023,0.600983,0.098269,0.889726
33.167,COOLDOWN,-0.127605,-0.302666,0.000000,0.091318,-0.055955,-0.246051,0.000000,-0.000209,0.000209,0.105790,-0.163198,0.699974,0.595942,0.000000,0.889171
33.333,COOLDOWN,-0.133558,-0.308498,0.000000,0.091665,-0.055955,-0.259711,0.000000,-0.000209,0.000209,0.118098,-0.247598,0.699982,0.583253,0.000000,0.888615
33.500,COOLDOWN,-0.139511,-0.314330,0.000000,0.093055,-0.055955,-0.273371,0.000000,-0.000209,0.000209,0.122215,-0.096902,0.700113,0.579121,0.000000,0.888059
33.667,COOLDOWN,-0.145463,-0.320162,0.000000,0.095443,-0.055955,-0.287030,0.000000,-0.000209,0.000209,0.117228,0.089051,0.700007,0.583877,0.000000,0.887504
33.833,COOLDOWN,-0.151416,-0.325993,0.000000,0.098758,-0.055955,-0.300690,0.000000,-0.000209,0.000209,0.104955,0.111328,0.699862,0.595893,0.000000,0.886948
34.000,COOLDOWN,-0.157369,-0.331825,0.000000,0.102908,-0.055955,-0.314350,0.000000,-0.000209,0.000209,0.101761,-0.094065,0.700003,0.599194,0.000000,0.886393
34.167,APPROACH,-0.146816,-0.331566,0.000000,0.092073,-0.054803,-0.328272,0.000020,-0.000210,0.000211,0.110236,-0.179333,0.699974,0.590650,0.000000,0.885837
34.333,APPROACH,-0.131841,-0.332095,0.000000,0.079491,-0.052977,-0.342055,0.000023,-0.000212,0.000213,0.103864,0.012304,0.700012,0.597057,0.000000,0.885282
34.500,APPROACH,-0.117075,-0.334708,0.000000,0.066812,-0.051782,-0.348872,0.000022,-0.000001,0.000022,0.100806,0.041561,0.699999,0.600201,0.020096,0.884726
34.667,APPROACH,-0.102231,-0.336802,0.000000,0.052770,-0.050131,-0.345179,0.000013,-0.000000,0.000013,0.104624,-0.073892,0.699994,0.596509,0.000000,0.884170
34.833,ATTACK,-0.087387,-0.338212,1.233337,0.014162,-0.074144,-0.333191,-0.002192,0.005101,0.005552,0.116196,0.013922,0.700020,0.586019,0.000000,0.883615
35.000,ATTACK,-0.072431,-0.334085,1.303795,0.081192,-0.153593,-0.336303,-0.000000,-0.000208,0.000208,0.106629,0.094050,0.700002,0.600419,0.041891,0.883056
35.167,COOLDOWN,-0.069108,-0.329618,0.000000,0.082870,-0.151780,-0.335348,0.000062,0.000349,0.000354,0.111927,0.063656,0.699847,0.596754,0.000000,0.882501
35.333,COOLDOWN,-0.077416,-0.328979,0.000000,0.071923,-0.148353,-0.317105,0.000023,-0.000003,0.000023,0.130147,-0.109011,0.700137,0.578476,0.000000,0.881945
35.500,COOLDOWN,-0.085725,-0.328340,0.000000,0.062674,-0.148352,-0.330761,0.000000,-0.000208,0.000208,0.109665,-0.061844,0.700069,0.597471,0.000000,0.881390
35.667,COOLDOWN,-0.094034,-0.327701,0.000000,0.052798,-0.146644,-0.332145,0.000055,0.000186,0.000194,0.113462,0.006472,0.700002,0.592513,0.000000,0.880834
35.833,COOLDOWN,-0.102343,-0.327062,0.000000,0.044652,-0.145549,-0.338329,0.000030,-0.000004,0.000030,0.106814,-0.038119,0.700038,0.598543,0.000000,0.880278
36.000,COOLDOWN,-0.110652,-0.326423,0.000000,0.034869,-0.143494,-0.338137,0.000000,-0.000207,0.000207,0.106613,-0.107985,0.699995,0.598441,0.000000,0.879723
36.167,APPROACH,-0.121239,-0.328333,0.000000,0.023557,-0.141517,-0.340323,0.000017,-0.000194,0.000195,0.104298,0.110641,0.699985,0.600746,0.074595,0.879167
36.333,APPROACH,-0.135769,-0.328039,0.000000,0.006053,-0.137347,-0.333882,0.000022,-0.000210,0.000211,0.105213,-0.188475,0.699980,0.599623,0.000000,0.878612
36.500,APPROACH,-0.135974,-0.317621,0.000000,0.010229,-0.129624,-0.309602,0.000050,-0.000249,0.000254,0.118603,-0.357611,0.699901,0.585173,0.000000,0.878056
36.667,APPROACH,-0.126661,-0.305861,0.000000,0.002134,-0.125344,-0.307539,0.000001,-0.000232,0.000232,0.131417,-0.325861,0.700105,0.571777,0.000000,0.877500
36.833,APPROACH,-0.124190,-0.310068,0.000000,0.001662,-0.123905,-0.311705,0.000023,0.000066,0.000070,0.132868,-0.068518,0.700184,0.569904,0.000000,0.876944
37.000,APPROACH,-0.126076,-0.324949,0.000000,0.012602,-0.123656,-0.312582,0.000174,0.001134,0.001148,0.131425,0.223506,0.699691,0.570499,0.000000,0.876389
37.167,APPROACH,-0.123224,-0.310223,0.000000,0.008088,-0.124201,-0.318252,-0.000014,-0.000159,0.000160,0.111970,0.472394,0.699639,0.589667,0.000000,0.875833
37.333,APPROACH,-0.124541,-0.322155,0.000000,0.001262,-0.123654,-0.323053,-0.000013,-0.000178,0.000178,0.104314,-0.235945,0.699987,0.597553,0.000000,0.875278
37.500,ATTACK,-0.123830,-0.323130,1.233337,0.001464,-0.123827,-0.324594,-0.000005,-0.000000,0.000005,0.112885,-0.262866,0.699946,0.588872,0.000000,0.874722
37.667,ATTACK,-0.122128,-0.316254,1.303795,0.053760,-0.116228,-0.262819,0.000000,-0.000206,0.000206,0.113942,-0.241804,0.700000,0.587837,0.000000,0.874165
37.833,COOLDOWN,-0.123029,-0.319895,0.000000,0.020847,-0.118337,-0.299583,0.000000,-0.000206,0.000206,0.135576,-0.368990,0.700175,0.566324,0.000000,0.873608
38.000,COOLDOWN,-0.125031,-0.327984,0.000000,0.038043,-0.114726,-0.291363,0.000112,0.000478,0.000491,0.152728,0.013420,0.700030,0.548915,0.000000,0.873052
38.167,COOLDOWN,-0.127033,-0.336073,0.000000,0.033412,-0.114724,-0.305011,0.000000,-0.000205,0.000205,0.123158,0.762088,0.699253,0.577575,0.000000,0.872497
38.333,COOLDOWN,-0.129035,-0.344163,0.000000,0.038411,-0.113158,-0.309186,0.000000,-0.000205,0.000205,0.106762,-0.301853,0.699972,0.594598,0.000000,0.871941
38.500,COOLDOWN,-0.131037,-0.352252,0.000000,0.058135,-0.109212,-0.298369,0.000000,-0.000205,0.000205,0.130013,-0.402352,0.699947,0.571203,0.000000,0.871385
38.667,COOLDOWN,-0.133039,-0.360341,0.000000,0.064775,-0.107425,-0.300845,0.000032,-0.000005,0.000032,0.143553,-0.136177,0.700304,0.557957,0.000000,0.870830
38.833,APPROACH,-0.131565,-0.359690,0.000000,0.061082,-0.106010,-0.304211,0.000290,0.001693,0.001718,0.140295,0.483380,0.698912,0.559765,0.000000,0.870274
39.000,APPROACH,-0.125374,-0.346030,0.000000,0.046008,-0.104687,-0.304935,-0.000005,-0.000169,0.000169,0.102269,-0.274068,0.700028,0.598838,0.000000,0.869719
39.167,APPROACH,-0.118527,-0.332687,0.000000,0.031482,-0.102721,-0.305460,0.000006,-0.000197,0.000197,0.120051,-0.365687,0.699883,0.580841,0.000000,0.869163
39.333,ATTACK,-0.110106,-0.320310,3.000000,0.051863,-0.058639,-0.326703,0.004946,0.012170,0.013137,0.122718,-0.558549,0.700326,0.578719,0.000000,0.868594
39.500,ATTACK,-0.101779,-0.308253,0.934210,0.054441,-0.156090,-0.304496,0.000000,-0.000204,0.000204,0.128360,-0.264157,0.700083,0.574611,0.000000,0.868032
39.667,COOLDOWN,-0.102642,-0.309408,0.000000,0.051133,-0.153669,-0.306114,0.000044,0.000016,0.000047,0.135150,-0.086381,0.700196,0.568824,0.000000,0.867477
39.833,COOLDOWN,-0.107404,-0.316247,0.000000,0.045676,-0.149353,-0.298178,0.000292,0.001262,0.001295,0.143178,0.230697,0.699533,0.559747,0.000000,0.866921
40.000,COOLDOWN,-0.112165,-0.323086,0.000000,0.039435,-0.148580,-0.307951,0.000000,-0.000204,0.000204,0.111198,0.415392,0.699684,0.591391,0.000000,0.866365
40.167,COOLDOWN,-0.116927,-0.329925,0.000000,0.032727,-0.148580,-0.321610,0.000000,-0.000204,0.000204,0.104013,-0.220811,0.699988,0.598706,0.000000,0.865810
40.333,COOLDOWN,-0.121688,-0.336764,0.000000,0.035667,-0.143013,-0.308174,0.000000,-0.000204,0.000204,0.117544,-0.332438,0.699915,0.584770,0.000000,0.865254
40.500,COOLDOWN,-0.126450,-0.343603,0.000000,0.029765,-0.142305,-0.318413,0.000000,-0.000203,0.000203,0.120949,-0.181384,0.700053,0.581368,0.000000,0.864698
40.667,APPROACH,-0.132260,-0.337949,0.000000,0.028526,-0.137641,-0.309935,0.000069,0.000106,0.000126,0.131439,-0.051869,0.700169,0.570921,0.000000,0.864143
40.833,APPROACH,-0.135619,-0.323334,0.000000,0.006239,-0.135351,-0.317101,0.000250,0.000910,0.000944,0.124563,0.205327,0.699770,0.577300,0.000000,0.863587
41.000,APPROACH,-0.137406,-0.314466,0.000000,0.011787,-0.133432,-0.325563,0.000013,-0.000212,0.000212,0.112122,0.475132,0.699641,0.589566,0.000000,0.863031
41.167,APPROACH,-0.132349,-0.328587,0.000000,0.005408,-0.131127,-0.323319,-0.000010,-0.000201,0.000202,0.104578,-0.236424,0.699987,0.597405,0.000000,0.862476
41.333,ATTACK,-0.129961,-0.325188,0.100000,0.002532,-0.129779,-0.322663,-0.000005,-0.000305,0.000305,0.113500,-0.255056,0.699951,0.588391,0.000000,0.861920
41.500,ATTACK,-0.129330,-0.306591,2.149594,0.104884,-0.024457,-0.305088,0.000000,0.000381,0.000381,0.144912,-0.005479,0.700136,0.555756,0.000000,0.861351
41.667,COOLDOWN,-0.128825,-0.287728,0.000000,0.108878,-0.024457,-0.318737,0.000000,-0.000203,0.000203,0.123131,0.787251,0.699208,0.576189,0.000000,0.860795
41.833,COOLDOWN,-0.128828,-0.287806,0.000000,0.108168,-0.023931,-0.314204,0.000000,-0.000203,0.000203,0.107197,-0.305596,0.699970,0.592873,0.000000,0.860240
42.000,COOLDOWN,-0.128832,-0.287884,0.000000,0.109036,-0.023594,-0.316413,0.000000,-0.000202,0.000202,0.124098,-0.324294,0.699969,0.575964,0.000000,0.859684
42.167,COOLDOWN,-0.128835,-0.287962,0.000000,0.108097,-0.023005,-0.309983,0.000006,0.000016,0.000017,0.139826,-0.098405,0.700265,0.560527,0.000000,0.859129
42.333,COOLDOWN,-0.128838,-0.288040,0.000000,0.110555,-0.022886,-0.319609,0.000024,0.000603,0.000603,0.130196,0.440007,0.699226,0.569111,0.000000,0.858573
42.500,COOLDOWN,-0.128841,-0.288118,0.000000,0.111100,-0.022509,-0.320317,0.000000,-0.000202,0.000202,0.101462,-0.250108,0.700020,0.598634,0.000000,0.858017
42.667,APPROACH,-0.127392,-0.288486,0.000000,0.108976,-0.021991,-0.316171,0.000000,-0.000206,0.000206,0.118429,-0.337728,0.699905,0.581546,0.000000,0.857462
42.833,APPROACH,-0.112922,-0.292390,0.000000,0.094020,-0.021025,-0.312262,0.000010,-0.000205,0.000205,0.135996,-0.221862,0.700247,0.564318,0.000000,0.856906
43.000,APPROACH,-0.098494,-0.296454,0.000000,0.079802,-0.020564,-0.313640,0.000040,0.001314,0.001315,0.136197,0.248515,0.699589,0.563456,0.000000,0.856350
43.167,APPROACH,-0.083932,-0.299992,0.000000,0.067914,-0.019754,-0.322208,0.000010,-0.000209,0.000209,0.097366,0.435496,0.700033,0.602727,0.272680,0.855795
43.333,APPROACH,-0.069390,-0.303531,0.000000,0.052644,-0.018883,-0.318376,0.000010,-0.000206,0.000207,0.112112,-0.317943,0.699924,0.587868,0.000000,0.855239
43.500,APPROACH,-0.054939,-0.307248,0.000000,0.038455,-0.017082,-0.314001,0.000037,-0.000201,0.000205,0.130782,-0.297482,0.700104,0.569374,0.000000,0.854684
43.667,APPROACH,-0.040597,-0.311411,0.000000,0.025961,-0.014635,-0.311322,0.000034,0.000631,0.000632,0.138620,0.079526,0.700020,0.561448,0.000000,0.854128
43.833,APPROACH,-0.026213,-0.314744,0.000000,0.015112,-0.013626,-0.323107,0.000021,-0.000175,0.000176,0.118457,0.697884,0.699370,0.580957,0.000000,0.853572
44.000,ATTACK,-0.012553,-0.318887,1.233337,0.040034,0.015131,-0.289968,-0.001508,-0.001644,0.002230,0.121039,-0.294503,0.699977,0.579014,0.000000,0.853015
44.167,ATTACK,0.001236,-0.317291,0.669390,0.095904,-0.093360,-0.301509,0.000031,-0.000005,0.000031,0.142922,-0.123281,0.700306,0.557850,0.000000,0.852454
44.333,COOLDOWN,-0.004280,-0.313874,0.000000,0.088760,-0.093036,-0.313094,0.000065,0.000213,0.000223,0.131521,0.445038,0.699194,0.568163,0.000000,0.851898
44.500,COOLDOWN,-0.011940,-0.310594,0.000000,0.079258,-0.091115,-0.314218,0.000000,-0.000200,0.000200,0.101687,-0.252506,0.700020,0.598844,0.000000,0.851343
44.667,COOLDOWN,-0.019601,-0.307314,0.000000,0.068807,-0.088380,-0.309255,0.000000,-0.000200,0.000200,0.119322,-0.349753,0.699896,0.581082,0.000000,0.850787
44.833,COOLDOWN,-0.027262,-0.304035,0.000000,0.058766,-0.085996,-0.305966,0.000000,-0.000200,0.000200,0.137770,-0.240997,0.700268,0.563011,0.000000,0.850231
45.000,COOLDOWN,-0.034923,-0.300755,0.000000,0.049743,-0.084278,-0.306955,0.000204,0.001313,0.001329,0.139011,0.248753,0.699550,0.561059,0.000000,0.849676
45.167,COOLDOWN,-0.042583,-0.297475,0.000000,0.044893,-0.083618,-0.315682,0.000000,-0.000200,0.000200,0.097576,0.473559,0.700036,0.602990,0.299042,0.849120
45.333,APPROACH,-0.055496,-0.300481,0.000000,0.028488,-0.081593,-0.311905,-0.000008,-0.000192,0.000192,0.112749,-0.327576,0.699917,0.587680,0.000000,0.848565
45.500,APPROACH,-0.069357,-0.305254,0.000000,0.011636,-0.080597,-0.308265,-0.000023,-0.000213,0.000214,0.132375,-0.317339,0.700114,0.568245,0.000000,0.848009
45.667,APPROACH,-0.083293,-0.310773,0.000000,0.007555,-0.078062,-0.305322,0.000115,0.000610,0.000621,0.141390,0.068282,0.700022,0.559137,0.000000,0.847453
45.833,APPROACH,-0.077616,-0.308817,0.000000,0.011170,-0.078083,-0.319978,-0.000014,-0.000246,0.000247,0.120713,0.734720,0.699306,0.579095,0.000000,0.846898
46.000,ATTACK,-0.078244,-0.321304,3.000000,0.062864,-0.015898,-0.329362,0.000008,-0.000199,0.000199,0.117277,-0.214177,0.699975,0.582817,0.000000,0.846322
46.167,COOLDOWN,-0.078872,-0.328235,0.000000,0.065486,-0.013691,-0.321926,0.000043,0.000224,0.000228,0.125763,-0.005954,0.700133,0.575253,0.000000,0.845766
46.333,COOLDOWN,-0.078523,-0.319909,0.000000,0.066734,-0.011911,-0.315876,0.000226,0.002338,0.002349,0.132356,0.447839,0.699190,0.567520,0.000000,0.845210
46.500,COOLDOWN,-0.078174,-0.311583,0.000000,0.067557,-0.010838,-0.317046,0.000000,-0.000199,0.000199,0.101787,-0.254394,0.700021,0.598747,0.000000,0.844655
46.667,COOLDOWN,-0.077825,-0.303257,0.000000,0.069020,-0.009564,-0.313467,0.000000,-0.000199,0.000199,0.119128,-0.345741,0.699899,0.581166,0.000000,0.844099
46.833,COOLDOWN,-0.077476,-0.294931,0.000000,0.070805,-0.008556,-0.311160,0.000000,-0.000198,0.000198,0.136358,-0.223832,0.700250,0.564203,0.000000,0.843543
47.000,COOLDOWN,-0.077127,-0.286605,0.000000,0.074165,-0.007926,-0.313283,0.000081,0.001306,0.001308,0.136059,0.248255,0.699594,0.563773,0.000000,0.842988
47.167,IDLE,-0.076778,-0.278279,0.000000,0.081558,-0.007640,-0.321541,0.000000,-0.000198,0.000198,0.097575,0.420454,0.700033,0.602632,0.263229,0.842432
47.333,APPROACH,-0.065194,-0.283941,0.000000,0.067846,-0.007073,-0.318941,-0.000006,-0.000216,0.000216,0.112141,-0.314042,0.699927,0.587920,0.000000,0.841877
47.500,APPROACH,-0.052236,-0.291420,0.000000,0.051813,-0.006177,-0.315149,0.000001,-0.000225,0.000225,0.130225,-0.286745,0.700099,0.569979,0.000000,0.841321
47.667,APPROACH,-0.039539,-0.299342,0.000000,0.036738,-0.005275,-0.312597,0.000028,0.000665,0.000666,0.137159,0.085883,0.700018,0.562941,0.000000,0.840765
47.833,APPROACH,-0.026904,-0.307147,0.000000,0.029930,-0.006622,-0.329157,-0.000013,-0.000272,0.000272,0.117228,0.670414,0.699414,0.582245,0.000000,0.840210
48.000,APPROACH,-0.014189,-0.314297,0.000000,0.012168,-0.007310,-0.324334,-0.000023,-0.000280,0.000281,0.106421,-0.280189,0.699978,0.593601,0.000000,0.839654
48.167,ATTACK,-0.009429,-0.319466,0.000000,0.001161,-0.009262,-0.318317,-0.000005,-0.000205,0.000205,0.123930,-0.315414,0.699970,0.576073,0.000000,0.839098
48.333,ATTACK,-0.007403,-0.305167,2.539445,0.148222,0.025920,-0.160739,0.002754,0.011852,0.012167,0.130870,0.300359,0.700222,0.569386,0.000000,0.838538
48.500,COOLDOWN,-0.005393,-0.292905,0.000000,0.122781,0.025966,-0.174196,0.000000,-0.000197,0.000197,0.099019,0.127226,0.700003,0.601247,0.124699,0.837979
48.667,COOLDOWN,-0.005397,-0.292938,0.000000,0.109665,0.025966,-0.187854,0.000000,-0.000197,0.000197,0.109105,-0.218126,0.699965,0.591113,0.000000,0.837423
48.833,COOLDOWN,-0.005400,-0.292972,0.000000,0.096690,0.025966,-0.201511,0.000000,-0.000197,0.000197,0.124744,-0.210737,0.700064,0.575560,0.000000,0.836868
49.000,COOLDOWN,-0.005404,-0.293006,0.000000,0.083920,0.025966,-0.215169,0.000000,-0.000197,0.000197,0.136711,0.086875,0.700021,0.563534,0.000000,0.836312
49.167,COOLDOWN,-0.005407,-0.293039,0.000000,0.071467,0.025966,-0.228827,0.000000,-0.000197,0.000197,0.118073,0.685969,0.699389,0.581519,0.000000,0.835756
49.333,COOLDOWN,-0.005411,-0.293073,0.000000,0.059529,0.025966,-0.242485,0.000000,-0.000197,0.000197,0.106601,-0.283680,0.699978,0.593559,0.000000,0.835201
49.500,APPROACH,-0.005494,-0.293332,0.000000,0.048712,0.025966,-0.256143,0.000000,-0.000197,0.000197,0.124302,-0.320456,0.699969,0.575834,0.000000,0.834645
49.667,APPROACH,0.005561,-0.283304,0.000000,0.020685,0.023849,-0.273638,-0.000037,-0.000263,0.000266,0.137150,-0.072710,0.700233,0.563239,0.000000,0.834090
49.833,ATTACK,0.019328,-0.277204,1.233337,0.032133,0.031210,-0.247349,-0.001317,-0.003376,0.003623,0.135464,-0.118930,0.699033,0.563634,0.000000,0.833534
50.000,ATTACK,0.033520,-0.270997,0.669390,0.079865,-0.032209,-0.316362,0.000122,0.002195,0.002199,0.133052,0.458574,0.699163,0.566187,0.000000,0.832972
50.167,COOLDOWN,0.028098,-0.273306,0.000000,0.074033,-0.031563,-0.317139,0.000000,-0.000196,0.000196,0.102151,-0.257777,0.700025,0.597951,0.000000,0.832417
50.333,COOLDOWN,0.020440,-0.276592,0.000000,0.067793,-0.031070,-0.320667,0.000000,-0.000196,0.000196,0.117149,-0.306255,0.699924,0.582852,0.000000,0.831861
50.500,COOLDOWN,0.012782,-0.279879,0.000000,0.055549,-0.030171,-0.315102,0.000000,-0.000195,0.000195,0.133457,-0.187465,0.700212,0.566834,0.000000,0.831305
50.667,COOLDOWN,0.005124,-0.283165,0.000000,0.048447,-0.029638,-0.316909,0.000066,0.001273,0.001275,0.132641,0.245809,0.699646,0.567085,0.000000,0.830750
50.833,COOLDOWN,-0.002534,-0.286451,0.000000,0.046711,-0.029377,-0.324679,0.000000,-0.000195,0.000195,0.097759,0.377419,0.700029,0.602350,0.235030,0.830194
51.000,COOLDOWN,-0.010192,-0.289737,0.000000,0.036053,-0.028618,-0.320726,0.000000,-0.000195,0.000195,0.111807,-0.301872,0.699935,0.588207,0.000000,0.829639
51.167,APPROACH,-0.018157,-0.300526,0.000000,0.020644,-0.030061,-0.317392,-0.000053,-0.000242,0.000248,0.129007,-0.266638,0.700090,0.571161,0.000000,0.829083
51.333,APPROACH,-0.025994,-0.313280,0.000000,0.007793,-0.033735,-0.314175,-0.000027,0.000686,0.000687,0.135171,0.093439,0.700017,0.564925,0.000000,0.828527
51.500,ATTACK,-0.035013,-0.325186,3.000000,0.171099,0.136082,-0.326497,0.012335,0.003863,0.012926,0.102933,-0.053451,0.700019,0.597089,0.000000,0.827971
51.667,COOLDOWN,-0.043826,-0.337100,0.000000,0.179292,0.135465,-0.336495,-0.000056,0.000058,0.000081,0.102768,0.029252,0.699999,0.598423,0.000000,0.827411
51.833,COOLDOWN,-0.043762,-0.337092,0.000000,0.177246,0.133462,-0.339890,-0.000032,-0.000006,0.000033,0.103693,-0.018439,0.700000,0.599096,0.000000,0.826855
52.000,COOLDOWN,-0.043697,-0.337085,0.000000,0.175422,0.131669,-0.341482,-0.000025,-0.000003,0.000025,0.104698,-0.023546,0.699999,0.599779,0.000000,0.826300
52.167,COOLDOWN,-0.043633,-0.337077,0.000000,0.173259,0.129623,-0.338115,-0.000000,-0.000194,0.000194,0.107590,-0.135714,0.699986,0.598079,0.000000,0.825744
52.333,COOLDOWN,-0.043568,-0.337070,0.000000,0.171801,0.128230,-0.338085,-0.000000,-0.000194,0.000194,0.107426,-0.148080,0.699979,0.598550,0.000000,0.825189
52.500,COOLDOWN,-0.043504,-0.337062,0.000000,0.169588,0.125798,-0.327206,-0.000000,-0.000194,0.000194,0.112377,-0.248823,0.699958,0.592883,0.000000,0.824633
52.667,IDLE,-0.043439,-0.337055,0.000000,0.167834,0.123805,-0.322997,-0.000000,-0.000194,0.000194,0.118467,-0.254864,0.699979,0.585844,0.000000,0.824077
52.833,APPROACH,-0.030028,-0.334996,0.000000,0.153448,0.119074,-0.298734,-0.000000,-0.000194,0.000194,0.143865,-0.314292,0.700333,0.559815,0.000000,0.823521
53.000,APPROACH,-0.015325,-0.332054,0.000000,0.135791,0.118087,-0.306749,-0.000169,0.000965,0.000979,0.138836,0.234505,0.699604,0.563475,0.000000,0.822966
53.167,APPROACH,-0.000549,-0.329498,0.000000,0.118225,0.116916,-0.316118,-0.000006,-0.000202,0.000202,0.102696,0.053364,0.699901,0.599502,0.000000,0.822410
53.333,APPROACH,0.014417,-0.328665,0.000000,0.102490,0.116887,-0.330700,-0.000002,-0.000212,0.000212,0.104381,-0.042481,0.699995,0.598001,0.000000,0.821855
53.500,APPROACH,0.029391,-0.329491,0.000000,0.085747,0.114993,-0.334480,-0.000037,-0.000005,0.000037,0.111828,-0.064551,0.700015,0.590988,0.000000,0.821299
53.667,APPROACH,0.044327,-0.330322,0.000000,0.067506,0.111518,-0.323812,-0.000044,0.000205,0.000210,0.123145,-0.008638,0.700098,0.579991,0.000000,0.820743
53.833,APPROACH,0.059285,-0.329730,0.000000,0.050667,0.107929,-0.315554,-0.000168,0.001147,0.001159,0.131530,0.222484,0.699707,0.571005,0.000000,0.820188
54.000,APPROACH,0.073734,-0.325795,0.000000,0.031607,0.105071,-0.321668,-0.000047,-0.000154,0.000161,0.109491,0.369061,0.699723,0.592659,0.000000,0.819632
54.167,APPROACH,0.088639,-0.326106,0.000000,0.013150,0.101139,-0.330187,-0.000056,-0.000137,0.000149,0.104781,-0.205474,0.699990,0.597359,0.000000,0.819076
54.333,APPROACH,0.101885,-0.333079,0.000000,0.005599,0.096294,-0.333389,-0.000060,-0.000148,0.000159,0.110744,-0.164541,0.699972,0.591222,0.000000,0.818521
54.500,APPROACH,0.095347,-0.336281,0.000000,0.007123,0.091969,-0.330010,-0.000039,-0.000001,0.000039,0.117782,-0.050298,0.700064,0.584213,0.000000,0.817965
54.667,ATTACK,0.080293,-0.337700,2.402212,0.001670,0.080082,-0.336043,-0.000055,0.000727,0.000729,0.112710,0.135060,0.699933,0.589070,0.000000,0.817410
54.833,ATTACK,0.064770,-0.339377,1.103638,0.150017,0.210816,-0.305086,-0.000106,0.000113,0.000155,0.119898,0.010194,0.700112,0.583612,0.000000,0.816846
55.000,COOLDOWN,0.058715,-0.340129,0.000000,0.151519,0.202891,-0.293532,-0.000402,0.001108,0.001179,0.136416,0.224925,0.699662,0.567581,0.000000,0.816291
55.167,COOLDOWN,0.058698,-0.340152,0.000000,0.147646,0.201526,-0.302741,-0.000000,-0.000192,0.000192,0.121656,0.672925,0.699396,0.581872,0.000000,0.815735
55.333,COOLDOWN,0.058682,-0.340175,0.000000,0.143591,0.196289,-0.299156,-0.000000,-0.000192,0.000192,0.106698,-0.284249,0.699979,0.596989,0.000000,0.815179
55.500,COOLDOWN,0.058665,-0.340198,0.000000,0.139707,0.193556,-0.303833,-0.000000,-0.000192,0.000192,0.115963,-0.289896,0.699937,0.587394,0.000000,0.814624
55.667,COOLDOWN,0.058648,-0.340222,0.000000,0.135793,0.188166,-0.299422,-0.000000,-0.000192,0.000192,0.128137,-0.264663,0.700078,0.575142,0.000000,0.814068
55.833,COOLDOWN,0.058631,-0.340245,0.000000,0.131950,0.185136,-0.302729,-0.000098,0.000146,0.000176,0.129342,-0.033807,0.700150,0.573890,0.000000,0.813513
56.000,APPROACH,0.065876,-0.338493,0.000000,0.120685,0.181807,-0.304954,-0.000343,0.001016,0.001073,0.127991,0.213856,0.699746,0.574797,0.000000,0.812957
56.167,APPROACH,0.080315,-0.334444,0.000000,0.102149,0.180039,-0.312321,-0.000006,-0.000170,0.000170,0.113526,0.489247,0.699625,0.589112,0.000000,0.812401
56.333,APPROACH,0.094803,-0.330583,0.000000,0.083174,0.175972,-0.312430,-0.000020,-0.000168,0.000170,0.105503,-0.239797,0.699987,0.597466,0.000000,0.811846
56.500,APPROACH,0.109303,-0.326798,0.000000,0.063095,0.170556,-0.311666,-0.000030,-0.000182,0.000185,0.114978,-0.266072,0.699946,0.587874,0.000000,0.811290
56.667,APPROACH,0.123833,-0.323192,0.000000,0.044256,0.166182,-0.310342,-0.000004,-0.000137,0.000137,0.123731,-0.204263,0.700057,0.579177,0.000000,0.810735
56.833,ATTACK,0.138481,-0.320279,0.406006,0.005288,0.136459,-0.315393,-0.000601,0.000848,0.001040,0.126810,-0.068769,0.700136,0.575776,0.000000,0.810179
57.000,ATTACK,0.153114,-0.317868,1.540251,0.139097,0.278969,-0.258636,-0.001138,0.001985,0.002288,0.140098,0.464402,0.699050,0.563351,0.000000,0.809614
57.167,COOLDOWN,0.158448,-0.316873,0.000000,0.127694,0.274351,-0.263282,-0.000000,-0.000190,0.000190,0.103286,0.093999,0.700025,0.601362,0.136235,0.809058
57.333,COOLDOWN,0.150194,-0.318019,0.000000,0.130777,0.274351,-0.276938,-0.000000,-0.000190,0.000190,0.109182,-0.223028,0.699965,0.595803,0.000000,0.808503
57.500,COOLDOWN,0.141939,-0.319165,0.000000,0.131981,0.261921,-0.264179,-0.000000,-0.000190,0.000190,0.129345,-0.386589,0.699954,0.575254,0.000000,0.807947
57.667,COOLDOWN,0.133685,-0.320310,0.000000,0.135087,0.261921,-0.277836,-0.000000,-0.000190,0.000190,0.125079,-0.118826,0.700125,0.579641,0.000000,0.807391
57.833,COOLDOWN,0.125431,-0.321456,0.000000,0.136982,0.250004,-0.264486,-0.000274,0.000443,0.000521,0.148421,0.024336,0.700034,0.556177,0.000000,0.806836
58.000,COOLDOWN,0.117177,-0.322602,0.000000,0.140059,0.249949,-0.278016,-0.000000,-0.000190,0.000190,0.117873,0.276859,0.699641,0.586063,0.000000,0.806280
58.167,APPROACH,0.115485,-0.322427,0.000000,0.137998,0.249993,-0.291584,0.000003,-0.000185,0.000185,0.101597,0.506483,0.700009,0.603088,0.308775,0.805725
58.333,APPROACH,0.129579,-0.317361,0.000000,0.116805,0.239621,-0.278194,0.000012,-0.000174,0.000174,0.113902,-0.335684,0.699916,0.590201,0.000000,0.805169
58.500,APPROACH,0.143934,-0.313038,0.000000,0.099144,0.240501,-0.290583,0.000016,-0.000173,0.000174,0.118960,-0.236729,0.699983,0.585189,0.000000,0.804613
58.667,APPROACH,0.158299,-0.308955,0.000000,0.080397,0.232417,-0.277808,0.000042,-0.000173,0.000178,0.138588,-0.251961,0.700247,0.565676,0.000000,0.804057
58.833,APPROACH,0.172508,-0.304210,0.000000,0.063474,0.234334,-0.289836,-0.000035,-0.000014,0.000038,0.127799,0.085542,0.700009,0.576091,0.000000,0.803502
59.000,APPROACH,0.187303,-0.301888,0.000000,0.045300,0.230403,-0.287942,-0.000797,0.001926,0.002085,0.131417,0.413712,0.699318,0.571853,0.000000,0.802946
59.167,APPROACH,0.201109,-0.296153,0.000000,0.027287,0.227841,-0.290677,0.000030,-0.000196,0.000199,0.102148,0.212807,0.700018,0.601727,0.172729,0.802391
59.333,APPROACH,0.215894,-0.294558,0.000000,0.011362,0.226709,-0.298038,0.000030,-0.000207,0.000209,0.110474,-0.264263,0.699954,0.593278,0.000000,0.801835
59.500,ATTACK,0.228900,-0.302057,2.402212,0.102390,0.320862,-0.257040,0.000001,-0.000173,0.000173,0.113414,-0.308035,0.699972,0.591821,0.000000,0.801266
59.667,ATTACK,0.241427,-0.310010,0.790791,0.089989,0.309169,-0.250773,-0.000000,-0.000189,0.000189,0.127272,-0.357627,0.699955,0.579332,0.000000,0.800710
59.833,COOLDOWN,0.238269,-0.307921,0.000000,0.087463,0.297826,-0.243869,-0.000000,-0.000188,0.000188,0.147214,-0.319341,0.700350,0.559100,0.000000,0.800155
60.000,COOLDOWN,0.231239,-0.303446,0.000000,0.080886,0.297826,-0.257525,-0.000000,-0.000188,0.000188,0.119683,0.065627,0.700000,0.586061,0.000000,0.799599
